Month,Monthly Energy Production
7,331.78348
8,435.40395
9,683.89371
10,729.23034
11,915.08176
12,1015.88516
13,965.58235
14,800.95885
15,682.03916
16,492.94816
17,384.23888
18,279.28174
19,309.33654
20,459.31479
21,636.97285
22,798.88104
23,845.18883
24,989.17907
25,984.35346
26,822.52329
27,714.061669
28,445.3134481
29,337.74688
30,253.3125055
